title,topic,source_name,date,hour,day_of_week,compound,sentiment_label
"‘Toy Story’ Franchise Will Change Forever Next Month, Fourth Movie To Be Taken Down",technology,Inside the Magic,2026-05-30,10,Saturday,0.0,Neutral
"G7 Agrees On Shared Language Around Open-Source AI, Open Weights AI",technology,Phoronix,2026-05-30,10,Saturday,0.4939,Positive
Why Energy Storage Is Quietly Becoming the Backbone of India’s EV Growth,technology,The Times of India,2026-05-30,10,Saturday,0.5719,Positive
Mercedes pulls out of Alpine F1 share talks over asking price,technology,autosport.com,2026-05-30,10,Saturday,0.296,Positive
Mercedes pulls out of Alpine F1 share talks over asking price,technology,Motorsport.com,2026-05-30,10,Saturday,0.296,Positive
Seagate Stock 2026: Buy or Sell as AI Data Storage Boom Drives Record Margins?,technology,Ibtimes.com.au,2026-05-30,10,Saturday,0.0,Neutral
Lumentum Stock 2026: Buy or Sell Amid Surging AI Optics Demand and Record Revenues?,technology,Ibtimes.com.au,2026-05-30,10,Saturday,-0.128,Negative
'Europe is kind of waking up': I went to Mistral's summit in Paris and heard a clear message about AI,technology,Business Insider,2026-05-30,10,Saturday,0.3818,Positive
A study reveals that the number of words people speak daily has decreased,technology,Gossiplankanews.com,2026-05-30,10,Saturday,0.0772,Positive
Cybercrime Crew Claims It Hacked Mike Lindell’s MyPillow,technology,Wired,2026-05-30,10,Saturday,-0.4019,Negative
Is VXUS Or VTI The Better Buy In An Uncertain Market?,technology,Forbes,2026-05-30,10,Saturday,0.1779,Positive
opencontext-profiles 1.0.1,technology,Pypi.org,2026-05-30,10,Saturday,0.0,Neutral
New 3D silicon chip breakthrough could extend Moore’s Law for years,technology,Science Daily,2026-05-30,10,Saturday,0.1779,Positive
Nvidia paid Groq $20 billion and took its top engineers. Now Groq is raising $650 million for what’s left.,technology,The Next Web,2026-05-30,10,Saturday,0.2023,Positive
"Tim Queeney: Rope’s strength comes from friction and the helix effect, its pivotal role in early societies, and the demand for real assets in modern technology | Odd Lots",technology,Crypto Briefing,2026-05-30,10,Saturday,0.2732,Positive
Xiaomi might have a 'Privacy Display' on the way that's all software,technology,Android Central,2026-05-30,10,Saturday,0.0,Neutral
What is US stock market prediction for Monday? Wall street ends at record highs as AI stocks and Dell lead market rally,technology,The Times of India,2026-05-30,10,Saturday,0.0,Neutral
This Trump-linked startup plans to put humanoid robots in the military,technology,CNBC,2026-05-30,10,Saturday,0.0,Neutral
"F&O Talk: Nifty may stay range-bound; Sudeep Shah sees opportunities in banks, IT, picks 7 stocks",technology,The Times of India,2026-05-30,10,Saturday,0.6486,Positive
"F&O Talk: Nifty may stay range-bound; Sudeep Shah sees opportunities in banks, IT, picks 7 stocks",technology,The Times of India,2026-05-30,10,Saturday,0.6486,Positive
Flopping Is Ethically Fine and Visually Atrocious,technology,New York Magazine,2026-05-30,10,Saturday,0.2023,Positive
China held advantageous position in negotiations with US,technology,Activistpost.com,2026-05-30,10,Saturday,0.3612,Positive
Why Now Is The Time For James Dolan To Sell A Stake In The Knicks,technology,Forbes,2026-05-30,10,Saturday,0.0,Neutral
"MakerWorld's First User-Initiated Charity Contest Names Winners, Bringing Global Creators' Goodwill Directly to Cancer Wards",technology,PRNewswire,2026-05-30,10,Saturday,0.128,Positive
Yale's New Google-Friendly Smart Lock Makes a Great Security Starter. Here's Why,technology,CNET,2026-05-30,10,Saturday,0.8481,Positive
Why Google’s Mid-Tier Gemini 3.5 Flash is Beating Top AI Models,technology,Geeky Gadgets,2026-05-30,10,Saturday,-0.296,Negative
How Riccio Pharmacy Makes Online Medicine Delivery Easier For Patients?,technology,GlobeNewswire,2026-05-30,10,Saturday,0.4215,Positive
"ICYMI: the 8 biggest tech stories of the week, from Oura's new smart ring to the Pope's take on AI",technology,TechRadar,2026-05-30,10,Saturday,0.4019,Positive
"In the 1960s an MIT scientist built ELIZA, a simple program that did little more than rephrase your words back as questions, and he was so unsettled when his own secretary asked him to leave the room so she could confide in it privately that he spent the rest of his life warning people against trusting machines with their feelings.",technology,Space Daily,2026-05-30,9,Saturday,-0.4388,Negative
"AI to reshape hiring and work in India, but 'human ownership' key as confidence outpaces global peers: ACCA",technology,BusinessLine,2026-05-30,9,Saturday,0.6652,Positive
$1.99 | Stillness Is the Key (eBook) by Ryan Holiday (2 replies),technology,Slickdeals.net,2026-05-30,9,Saturday,0.4019,Positive
I Run a Summer Camp. I Have One Piece of Advice for Parents Nervous About Sending Their Kids.,technology,Slate Magazine,2026-05-30,9,Saturday,-0.2732,Negative
One way companies are making AI backlash worse,technology,Business Insider,2026-05-30,9,Saturday,-0.4767,Negative
DroneAcharya reports FY26 profit of Rs 37 lakh despite 57% revenue slump,technology,MediaNama.com,2026-05-30,9,Saturday,0.4404,Positive
Perplexity is giving out tech's latest status symbol: a Mac Mini,technology,Business Insider,2026-05-30,9,Saturday,0.34,Positive
Quote of the day for work success by Steve Jobs: 'The only way to do great work is to...' What the Apple co-founder believed was the key to great achievement,technology,The Times of India,2026-05-30,9,Saturday,0.9169,Positive
Shalibhadra Finance eyes Rs 500 crore AUM as FY26 profit climbs 22%,technology,The Times of India,2026-05-30,9,Saturday,0.4404,Positive
"Rahul Gandhi targets Centre over CUET glitch, says 'not a single exam conducted honestly'",technology,The Times of India,2026-05-30,9,Saturday,0.4588,Positive
"Rahul Gandhi targets Centre over CUET glitch, says 'not a single exam conducted honestly'",technology,The Times of India,2026-05-30,9,Saturday,0.4588,Positive
Midnight Hammer F-16 pilots flew their non-stealth jets deep into Iran protecting bombers. Then they flew out critically low on fuel.,technology,Business Insider,2026-05-30,9,Saturday,-0.2732,Negative
What is oil price prediction for Monday? Oil prices fall as US-Iran ceasefire talks support market sentiment,technology,The Times of India,2026-05-30,9,Saturday,0.4019,Positive
It’s time for Samsung’s S Pen to evolve or die,technology,Android Authority,2026-05-30,9,Saturday,-0.5994,Negative
How a father’s solution to son’s Kannada homework became free keyboard app for 21 Indian languages,technology,The Indian Express,2026-05-30,9,Saturday,0.6808,Positive
Study unveils aggressive tobacco marketing targeting young African...,technology,Vmtnews.ng,2026-05-30,9,Saturday,-0.1531,Negative
Parabolic Semiconductor Rally: What Breaks The Trade?,technology,Realinvestmentadvice.com,2026-05-30,9,Saturday,0.0,Neutral
Russia uses networks in Finland to evade sanctions,technology,YLE News,2026-05-30,9,Saturday,0.0,Neutral
Reliance Digital is All Set to AI-fy India with the Boot Up 2026 Campaign,technology,BusinessLine,2026-05-30,9,Saturday,0.0,Neutral
I helped design the system that brought down ISIS financing. I’ve got an AI governance idea the Pope and Anthropic would both like,technology,Fortune,2026-05-30,9,Saturday,0.3612,Positive
Samsung Galaxy Z Roll 5G Leaks: A 12.4-Inch Motorized Screen and 324MP Camera?,technology,Geeky Gadgets,2026-05-30,9,Saturday,0.0,Neutral
Democrats Suddenly Have a Real Shot at Flipping the Senate,technology,New York Magazine,2026-05-30,9,Saturday,0.0,Neutral
"Circle freezes Zama’s USDC contract, locking $12.6M amid rug pull allegations",technology,Crypto Briefing,2026-05-30,9,Saturday,-0.0258,Neutral
You Wouldn’t Believe That “Quantum Energy” Works Until You Hear This & See THESE Photos.,technology,Omny.fm,2026-05-30,9,Saturday,0.0,Neutral
"Myanmar's Min Aung Hlaing takes first foreign tour as leader, with visit to India",technology,NPR,2026-05-30,9,Saturday,0.0,Neutral
Glenn Beck: Today’s tech could make Hitler look like a rookie — but what’s coming is far worse,technology,TheBlaze,2026-05-30,9,Saturday,-0.5267,Negative
"I've spent five decades researching UFOs and speaking to highly confidential sources. This is what I've discovered about the CIA, China and aliens, writes top barrister JONATHAN CAPLAN KC. You may scoff, but the evidence is undeniable",technology,Dailymail.com,2026-05-30,8,Saturday,0.1027,Positive
"Number of shares and votes in BioArctic AB (publ) as of May 29, 2026",technology,PRNewswire,2026-05-30,8,Saturday,0.3612,Positive
The class of 2026 might have to pivot in their job hunt,technology,Business Insider,2026-05-30,8,Saturday,0.0,Neutral
Ferrari’s former chairman called the Luce a disgrace. Italy’s transport minister piled on. The stock dropped 8%.,technology,The Next Web,2026-05-30,8,Saturday,-0.4939,Negative
Future Galaxy phones may get liquid cooling for more performance,technology,SamMobile,2026-05-30,8,Saturday,0.0,Neutral
A wind farm in Poland became so loud that local birds started singing louder to compete with the noise,technology,The Times of India,2026-05-30,8,Saturday,0.0,Neutral
An AI CEO explains how much he spent on Codex last month — and why he's still 'very nice' when prompting the tech,technology,Business Insider,2026-05-30,8,Saturday,0.4754,Positive
"Number of shares and votes in BioArctic AB (publ) as of May 29, 2026",technology,PRNewswire,2026-05-30,8,Saturday,0.3612,Positive
"In 1999, treasure hunters illegally dug up a strange disk in Germany, and it turned out to carry a 3,600-year-old map of the night sky",technology,The Times of India,2026-05-30,8,Saturday,0.1027,Positive
Odisha Signs $3.3B Semiconductor Pact With Intel & 3DGS,technology,Kalinga TV,2026-05-30,8,Saturday,0.0,Neutral
The future arrives at UHC's new 28-bed respiratory care unit,technology,Timeswv.com,2026-05-30,8,Saturday,0.4939,Positive
"Exclusive-Better China ties can help regional peace, security, Vietnam's top leader says",technology,Yahoo Entertainment,2026-05-30,8,Saturday,0.8555,Positive
Replenish Nutrients: Market Has Yet to Price in the H2 2026 Capacity and Licensing Inflection,technology,PRNewswire,2026-05-30,8,Saturday,0.0,Neutral
Social media bans for kids won’t replace platform safety — United Nations,technology,The Punch,2026-05-30,8,Saturday,0.6808,Positive
Europe Is Facing Up to a Painful Vulnerability to Drone Warfare,technology,Financial Post,2026-05-30,8,Saturday,-0.7184,Negative
DBRANLU VC represents India at prestigious IAFS-2026 conference in Bulgaria,technology,The Times of India,2026-05-30,8,Saturday,0.0,Neutral
"Henry Schein Sees Steady Dental Demand, $125M Profit Lift by 2026",technology,MarketBeat,2026-05-30,8,Saturday,0.34,Positive
These young people see bright future in trades but say stigma among obstacles in their way,technology,CBC News,2026-05-30,8,Saturday,-0.3506,Negative
007 First Light is a triumphant return to video games for James Bond,technology,CBC News,2026-05-30,8,Saturday,0.5267,Positive
Rebuilt cars are cheaper than other used vehicles. But it's buyer beware,technology,CBC News,2026-05-30,8,Saturday,0.0,Neutral
"MapmyIndia replaces Google Maps in Amazon Now, launches AI address verification for banks: Q4FY26",technology,MediaNama.com,2026-05-30,7,Saturday,0.1779,Positive
Dodgers host the Phillies on home winning streak,technology,Yahoo Entertainment,2026-05-30,7,Saturday,0.5267,Positive
Yankees bring 5-game win streak into matchup with the Athletics,technology,Yahoo Entertainment,2026-05-30,7,Saturday,0.5859,Positive
Mariners play the Diamondbacks leading series 1-0,technology,Yahoo Entertainment,2026-05-30,7,Saturday,0.34,Positive
Padres try to extend road win streak in matchup against the Nationals,technology,Yahoo Entertainment,2026-05-30,7,Saturday,0.6705,Positive
Brewers bring win streak into matchup with the Astros,technology,Yahoo Entertainment,2026-05-30,7,Saturday,0.5859,Positive
Braves bring 1-0 series lead over Reds into game 2,technology,Yahoo Entertainment,2026-05-30,7,Saturday,0.4404,Positive
Marlins take road slide into matchup with the Mets,technology,Yahoo Entertainment,2026-05-30,7,Saturday,0.0,Neutral
"White Sox host the Tigers, aim to extend home win streak",technology,Yahoo Entertainment,2026-05-30,7,Saturday,0.6705,Positive
"Otti promises people-oriented policies, responsible management of public resources",technology,The Punch,2026-05-30,7,Saturday,0.5994,Positive
Indonesia pushes innovation-led downstreaming for palm oil gains,technology,Antaranews.com,2026-05-30,7,Saturday,0.34,Positive
"Dan Loeb calls Nvidia reasonably valued at 15x forward earnings, dismisses AI bubble talk",technology,Crypto Briefing,2026-05-30,7,Saturday,0.4404,Positive
This strange new phase of matter could transform quantum technology,technology,Science Daily,2026-05-30,7,Saturday,-0.1779,Negative
Insurance Analytics Market Size to Hit USD 72.39 Billion by 2035 | Research by SNS Insider,technology,GlobeNewswire,2026-05-30,7,Saturday,0.0,Neutral
Japan pitches frigate export to New Zealand in 1st trilateral defense talks,technology,Japan Today,2026-05-30,7,Saturday,0.128,Positive
Reclusive 90s Hollywood star makes first appearance in 11 years on Toy Story 5 red carpet,technology,The-independent.com,2026-05-30,7,Saturday,0.0,Neutral
"Airbnb leases 46,000 sq ft for GCC in DLF Cyber City Gurugram",technology,Livemint,2026-05-30,7,Saturday,0.0,Neutral
11 equity mutual funds offer over 10% in May. Have you invested in any for your portfolio?,technology,Economictimes.com,2026-05-30,7,Saturday,0.0,Neutral
Robinhood Markets Bets on Agentic AI Trading as Assets Climb to $350 Billion,technology,MarketBeat,2026-05-30,7,Saturday,0.1779,Positive
"OpenAI has launched a massive $4 billion corporate engineering initiative called ""DeployCo"" to embed elite developers directly into global banks and enterprises",technology,Maketecheasier.com,2026-05-30,7,Saturday,0.128,Positive
"AI to reshape hiring and work in India, but 'human ownership' key as confidence outpaces global peers: ACCA",technology,The Times of India,2026-05-30,7,Saturday,0.6652,Positive
Berger Paints looks to strengthen presence in Uttar Pradesh,business,The Times of India,2026-05-30,10,Saturday,0.3182,Positive
Qatar Says Temporary Hormuz Fee to Clear Mines Is Negotiable,business,Financial Post,2026-05-30,10,Saturday,0.3818,Positive
NSSF pushes supplier diversity and long-term partnerships - The Observer,business,The Observer,2026-05-30,10,Saturday,0.0,Neutral
Pacsun's CEO breaks down the company's winning strategy to target Gen Z,business,Business Insider,2026-05-30,10,Saturday,0.5267,Positive
"Bicycles and Their Practical Use in Prepping, by Tunnel Rabbit",business,Survivalblog.com,2026-05-30,10,Saturday,0.0,Neutral
Dine and dash couple are almost caught fleeing a fish and chip shop without paying the £45 bill... when their children aren't in on the act,business,Dailymail.com,2026-05-30,10,Saturday,0.0,Neutral
Son Hyun Joo Suddenly Announces Retirement And Sparks A Fierce Succession Battle In “Reborn Rookie”,business,soompi,2026-05-30,10,Saturday,-0.2023,Negative
Canyon-SRAM drop cryptocurrency sponsor following “breaches of contract” and a criminal investigation,business,road.cc,2026-05-30,10,Saturday,-0.6705,Negative
Judge Gives Green Light For Feds to Seize Money From Kwame Kilpatrick's Wife's Business Account,business,Freerepublic.com,2026-05-30,10,Saturday,0.0,Neutral
Lumentum Stock 2026: Buy or Sell Amid Surging AI Optics Demand and Record Revenues?,business,Ibtimes.com.au,2026-05-30,10,Saturday,-0.128,Negative
'Europe is kind of waking up': I went to Mistral's summit in Paris and heard a clear message about AI,business,Business Insider,2026-05-30,10,Saturday,0.3818,Positive
10 Weekend Reads,business,Ritholtz.com,2026-05-30,10,Saturday,0.0,Neutral
Nvidia paid Groq $20 billion and took its top engineers. Now Groq is raising $650 million for what’s left.,business,The Next Web,2026-05-30,10,Saturday,0.2023,Positive
"Parloa turns its $350 million war chest into a partnership web spanning SAP, Microsoft, and OpenAI",business,The Next Web,2026-05-30,10,Saturday,-0.5994,Negative
Why the Protect College Sports Act is the best thing for college sports,business,A Sea Of Blue,2026-05-30,10,Saturday,0.7783,Positive
"At $55M, Mamdani’s city-owned grocery store is a GROWING boondoggle",business,New York Post,2026-05-30,10,Saturday,0.347,Positive
"Naomi Osaka arrives for French Open match in billowing dress as she refuses to back down AGAIN on wearing 'fashion show' outfits, despite infuriating opponent",business,Dailymail.com,2026-05-30,10,Saturday,0.4168,Positive
Mango founder's son releases video of his billionaire father falling over as he battles claim that his father's fatal mountain plunge was no accident,business,Dailymail.com,2026-05-30,10,Saturday,-0.6305,Negative
Cavaliers make right call with coach Kenny Atkinson's job. Opinion,business,Akron Beacon Journal,2026-05-30,10,Saturday,0.0,Neutral
FSSAI sends notice to IRCTC after viral video shows utensils being washed in train toilet,business,The Times of India,2026-05-30,10,Saturday,0.0,Neutral
Want to Watch a James Bond Movie? These Are My Top Picks,business,CNET,2026-05-30,10,Saturday,0.2732,Positive
Amy Gaskin: Marilyn Forever! Marilyn Monroe—A Symbol of Hope,business,Lenscratch.com,2026-05-30,10,Saturday,0.4926,Positive
President of Myanmar’s military-backed government visits India,business,Abcnews.com,2026-05-30,10,Saturday,0.0,Neutral
Flopping Is Ethically Fine and Visually Atrocious,business,New York Magazine,2026-05-30,10,Saturday,0.2023,Positive
When the Religious Right Came for Martin Scorsese,business,The New Yorker,2026-05-30,10,Saturday,0.0,Neutral
Why Now Is The Time For James Dolan To Sell A Stake In The Knicks,business,Forbes,2026-05-30,10,Saturday,0.0,Neutral
Google Titan Security Key,business,PCMag.com,2026-05-30,10,Saturday,0.34,Positive
Flesh-Eating Bacteria in Hamptons Water: Oystermen Dispute Scientists' Claims,business,Vanity Fair,2026-05-30,10,Saturday,-0.4019,Negative
Paramount founder Mohamad Fakih opens up about his feud with Mississauga’s mayor,business,Toronto Star,2026-05-30,9,Saturday,-0.34,Negative
We did the math on Ken Griffin's pied-à-terre tax bill,business,Business Insider,2026-05-30,9,Saturday,0.0,Neutral
Cutting-edge underwater tech for AUKUS forces to be developed through landmark partnership,business,Www.gov.uk,2026-05-30,9,Saturday,0.0772,Positive
Triveni Engineering Q4 profit falls to Rs 167.4 crore; FY26 profit rises 12.8%,business,The Times of India,2026-05-30,9,Saturday,0.7003,Positive
Triveni Engineering Q4 profit falls to Rs 167.4 crore; FY26 profit rises 12.8%,business,The Times of India,2026-05-30,9,Saturday,0.7003,Positive
One way companies are making AI backlash worse,business,Business Insider,2026-05-30,9,Saturday,-0.4767,Negative
Nepal Tourism Promotion Program held in Bangkok,business,Khabarhub.com,2026-05-30,9,Saturday,0.0,Neutral
Perplexity is giving out tech's latest status symbol: a Mac Mini,business,Business Insider,2026-05-30,9,Saturday,0.34,Positive
Quote of the day for work success by Steve Jobs: 'The only way to do great work is to...' What the Apple co-founder believed was the key to great achievement,business,The Times of India,2026-05-30,9,Saturday,0.9169,Positive
Think. Over the week,business,BusinessLine,2026-05-30,9,Saturday,0.0,Neutral
Influencer banned from Six Flags for life after sneaking McDonald’s snack onto roller coaster,business,The-independent.com,2026-05-30,9,Saturday,-0.4588,Negative
A couple got burned out pursuing FIRE. They found another path that let them cut back at work and still enjoy life.,business,Business Insider,2026-05-30,9,Saturday,-0.2577,Negative
"New Xbox Boss Says Decision to Continue to Show PS5 Logos During Its Xbox Games Showcase 'Was a Miss, and I Own It'",business,IGN,2026-05-30,9,Saturday,-0.1531,Negative
I became a trailing spouse when I moved to Europe for my husband. I don't regret putting my family before my career.,business,Business Insider,2026-05-30,9,Saturday,0.3252,Positive
NSE Social Stock Exchange gets CSR boost as MCA clears corporate funding route. Check details,business,The Times of India,2026-05-30,9,Saturday,0.4588,Positive
Midnight Hammer F-16 pilots flew their non-stealth jets deep into Iran protecting bombers. Then they flew out critically low on fuel.,business,Business Insider,2026-05-30,9,Saturday,-0.2732,Negative
"For a match made in retail heaven, friction on earth can be real",business,The Times of India,2026-05-30,9,Saturday,0.5106,Positive
"They used to work for Wall Street banks — now they charge those same firms $25,000 a day to teach them AI",business,Yahoo Entertainment,2026-05-30,9,Saturday,0.0,Neutral
"In 1859, Robert Chesebrough saw oil workers scraping sticky rod wax from drilling rigs, and it wasn’t just waste: It became Vaseline",business,The Times of India,2026-05-30,9,Saturday,-0.4215,Negative
How a father’s solution to son’s Kannada homework became free keyboard app for 21 Indian languages,business,The Indian Express,2026-05-30,9,Saturday,0.6808,Positive
"'Happier now': Woman quits 9-year IT manager job to become rickshaw driver, says she found more peace earning Rs 60,000 a month",business,The Times of India,2026-05-30,9,Saturday,0.8016,Positive
"After a Near-Fatal Run-In With a Reckless Driver, This Man Devised a Clever Way to Get Revenge",business,Twistedsifter.com,2026-05-30,9,Saturday,-0.4767,Negative
"PB Fintech founders Yashish Dahiya, Alok Bansal sell 0.8% stake worth Rs 665 crore",business,The Times of India,2026-05-30,9,Saturday,0.2263,Positive
Reliance Digital is All Set to AI-fy India with the Boot Up 2026 Campaign,business,BusinessLine,2026-05-30,9,Saturday,0.0,Neutral
India Says Inflation Outlook Needs Vigilance Ahead of RBI Policy,business,Financial Post,2026-05-30,9,Saturday,0.0,Neutral
"I spent the day at 'Substack Coachella,' which was full of panels, partying, and old-school magazine vibes",business,Business Insider,2026-05-30,9,Saturday,0.3818,Positive
I'm the founder of a soju brand and the chair of the LACMA Art + Film Gala. I work between Seoul and LA and rarely sleep before 3 a.m.,business,Business Insider,2026-05-30,9,Saturday,0.0,Neutral
Texas Tech signs latest House settlement participant agreement,business,LubbockOnline.com,2026-05-30,9,Saturday,0.4939,Positive
"Adidas and Puma, the bitter rivalry between two brothers",business,Mrssfeed.com,2026-05-30,9,Saturday,-0.4215,Negative
Democrats Suddenly Have a Real Shot at Flipping the Senate,business,New York Magazine,2026-05-30,9,Saturday,0.0,Neutral
NotebookLM is quickly becoming the podcast app I didn’t know I needed,business,Android Authority,2026-05-30,9,Saturday,0.0,Neutral
"Myanmar's Min Aung Hlaing takes first foreign tour as leader, with visit to India",business,NPR,2026-05-30,9,Saturday,0.0,Neutral
How three major candidates for governor are talking about their Biden administration experience,business,NBC News,2026-05-30,9,Saturday,0.0,Neutral
Differences under Jeff Hafley – The Splash Zone 5/30/26,business,The Phinsider,2026-05-30,9,Saturday,0.0,Neutral
New project aims to preserve Halifax's skateboard history in public archive,business,CBC News,2026-05-30,9,Saturday,0.0,Neutral
Designing The Perfect Final Season For Everyone’s Favorite ‘Hacks’,business,Forbes,2026-05-30,9,Saturday,0.7717,Positive
Government withdraws right to appeal against some short stay visa refusals,business,TheJournal.ie,2026-05-30,8,Saturday,0.0,Neutral
This run-down town is the launchpad for the superweapon Putin used to attack Ukraine,business,Business Insider,2026-05-30,8,Saturday,-0.4767,Negative
The Rumour Mill - Close Season Week 1,business,Toffeeweb,2026-05-30,8,Saturday,0.0,Neutral
The class of 2026 might have to pivot in their job hunt,business,Business Insider,2026-05-30,8,Saturday,0.0,Neutral
12B SPORTS Named Main Sponsor of VR46 Racing Team for the 2026 MotoGP Season,business,Financial Post,2026-05-30,8,Saturday,0.0,Neutral
"No IIT, no mentor: Techie who survived on 1–2 samosas a day & started with just Rs 20,000 a month reveals how he rose to become one of youngest VPs",business,The Times of India,2026-05-30,8,Saturday,0.4567,Positive
Ferrari’s former chairman called the Luce a disgrace. Italy’s transport minister piled on. The stock dropped 8%.,business,The Next Web,2026-05-30,8,Saturday,-0.4939,Negative
Does XRP (Ripple) Have Any Future After 2026?,business,24/7 Wall St.,2026-05-30,8,Saturday,0.0,Neutral
What your driveway says about you: From 'shouty' electric gates to 'new money' resin designs - as a home expert reveals the 'timeless' option that proves you have taste,business,Dailymail.com,2026-05-30,8,Saturday,0.0,Neutral
Rúben Dias breaks his silence on split from Maya Jama and insists he 'did not cheat',business,LADbible,2026-05-30,8,Saturday,0.357,Positive
An AI CEO explains how much he spent on Codex last month — and why he's still 'very nice' when prompting the tech,business,Business Insider,2026-05-30,8,Saturday,0.4754,Positive
North Atlantic Refining wind-hydrogen project takes key step with environmental release,business,CBC News,2026-05-30,8,Saturday,0.0,Neutral
Meet Anas Laghrari – The mystery man behind Florentino Perez at the centre of Real Madrid elections,business,Madriduniversal.com,2026-05-30,8,Saturday,0.0,Neutral
"A new business card, not a better career: Why employees in US are losing faith in corporate promotions",business,The Times of India,2026-05-30,8,Saturday,-0.2973,Negative
Red Lobster closing Times Square location after 23 years: ‘This was a difficult decision’,business,New York Post,2026-05-30,8,Saturday,-0.3612,Negative
"'It's Nice To Get Over The Hump And Play For The Stanley Cup': Staal, Martinook, Aho, Hall, Stankoven, Blake, RBA On Advancing To Stanley Cup Final",business,The Hockey News,2026-05-30,8,Saturday,0.6369,Positive
Blenderbros – Ultimate guide to Plasticity,business,Cgpersia.com,2026-05-30,8,Saturday,0.0,Neutral
Replenish Nutrients: Market Has Yet to Price in the H2 2026 Capacity and Licensing Inflection,business,PRNewswire,2026-05-30,8,Saturday,0.0,Neutral
California Dems Take Action to Impede Reporting Crime [semi-satire],business,Freerepublic.com,2026-05-30,8,Saturday,-0.5423,Negative
"Zara posts weakest performance in India since pandemic, net sales fall 1% in FY26",business,The Times of India,2026-05-30,8,Saturday,-0.5106,Negative
25 best places to eat for cheap across Maine,business,Press Herald,2026-05-30,8,Saturday,0.6369,Positive
Qatar Says Temporary Toll at Strait of Hormuz Is Negotiable,business,Financial Post,2026-05-30,8,Saturday,0.0,Neutral
"Raise defence spending or else, Hegseth tells NATO, Europe",business,The Times of India,2026-05-30,8,Saturday,0.1027,Positive
'It became my latest fixation': The wrinkle young workers can't stop thinking about,business,Business Insider,2026-05-30,8,Saturday,0.2235,Positive
Social media bans for kids won’t replace platform safety — United Nations,business,The Punch,2026-05-30,8,Saturday,0.6808,Positive
Wembley 99: Untold Stories,business,Manchester City FC,2026-05-30,8,Saturday,0.0,Neutral
"He dropped out of school, failed at a grocery shop in Jabalpur, and is now a billionaire at the Burj Khalifa. Who is Desi Bling star Satish Sanpal?",business,The Times of India,2026-05-30,8,Saturday,-0.5106,Negative
"Henry Schein Sees Steady Dental Demand, $125M Profit Lift by 2026",business,MarketBeat,2026-05-30,8,Saturday,0.34,Positive
"How war, tariffs and weather 'conspired' to make your tomatoes cost more",business,CBC News,2026-05-30,8,Saturday,-0.5994,Negative
The CEO Job Is Easy. Just Ask a CEO.,business,pymnts.com,2026-05-30,8,Saturday,0.4404,Positive
"Why you MUST tell your doctor about your itchy groin: It's the symptom so many patients are too embarrassed to ask about but this is why you can't ignore it... and how to deal with it for good, writes DR ELLIE",health,Dailymail.com,2026-05-30,10,Saturday,0.6387,Positive
Israel launches more than 10 strikes across southern Lebanon,health,Al Jazeera English,2026-05-30,10,Saturday,-0.4144,Negative
Prosta Peak: A Natural Approach to Prostate Health Support,health,Tumblr.com,2026-05-30,10,Saturday,0.6369,Positive
Scotland v Curacao: Confirmed line-ups for pre-World Cup friendly,health,101 Great Goals,2026-05-30,10,Saturday,0.4939,Positive
Links 5/30/2026,health,Nakedcapitalism.com,2026-05-30,10,Saturday,0.0,Neutral
Dust storms can negatively affect your ENT health,health,YouTube,2026-05-30,10,Saturday,0.0,Neutral
I Tried 5 Blood Sugar Hacks — Here’s What Worked According To My CGM,health,mindbodygreen.com,2026-05-30,10,Saturday,0.0,Neutral
Kirkham Community Garden supports mental health,health,yorkregion.com,2026-05-30,10,Saturday,0.3612,Positive
Saiee Manjrekar: Fitness is not about how you look but how you feel every day,health,The Times of India,2026-05-30,10,Saturday,0.1406,Positive
"West Bengal to implement National Health Mission; Centre sanctions ₹2,103 crore",health,BusinessLine,2026-05-30,10,Saturday,0.0,Neutral
W.H.O. Boss Tedros Heads to Congo as Ebola Cases Surge,health,Freerepublic.com,2026-05-30,10,Saturday,0.0,Neutral
Ebola shows how Trump’s health policies are going global — and coming home,health,Salon,2026-05-30,10,Saturday,0.0,Neutral
"Trump Doctor’s Report Drops Late Friday Night — Details 238-Pound 6 ft 3 President’s Health, Cognitive Results",health,Mediaite,2026-05-30,10,Saturday,0.0,Neutral
"WHO chief lands in eastern Congo’s Ituri province, epicenter of Ebola, as outbreak outpaces response",health,seattlepi.com,2026-05-30,10,Saturday,0.0,Neutral
I was 31 when I was diagnosed with motor neurone disease... four years later I can barely walk or talk. These were the first symptoms I ignored,health,Dailymail.com,2026-05-30,10,Saturday,-0.3182,Negative
"Lagos hails residents’ sanitation compliance, promises better waste collection",health,The Punch,2026-05-30,10,Saturday,0.4019,Positive
"Actress Thaddea Graham was left on the doorstep as a baby in China and doesn't know exactly what age she is. But the 'lucky' Bad Sisters and Sex Education star insists: 'I wasn't abandoned, I got a second chance'",health,Dailymail.com,2026-05-30,10,Saturday,0.5676,Positive
Driver dies after SUV crashes on Lagos expressway,health,The Punch,2026-05-30,10,Saturday,0.0,Neutral
Seagate Stock 2026: Buy or Sell as AI Data Storage Boom Drives Record Margins?,health,Ibtimes.com.au,2026-05-30,10,Saturday,0.0,Neutral
This Commonly Tracked Metric May Explain Why Some Brains Age Faster,health,mindbodygreen.com,2026-05-30,10,Saturday,0.0,Neutral
"“No overtures on me to join APC” – Nwankwo, ex health minister - 108 Scoop",health,108scoop.com,2026-05-30,10,Saturday,0.4215,Positive
"WHO chief lands in eastern Congo’s Ituri province, epicenter of Ebola, as outbreak outpaces response",health,Associated Press,2026-05-30,10,Saturday,0.0,Neutral
Escalating tensions at Newark migrant prison draws ire of lawmakers,health,Salon,2026-05-30,10,Saturday,-0.7184,Negative
A study reveals that the number of words people speak daily has decreased,health,Gossiplankanews.com,2026-05-30,10,Saturday,0.0772,Positive
"Cleveland Browns news (5/30): Hello, Mr. Bond; smart moves and easy options",health,Dawgs By Nature,2026-05-30,10,Saturday,0.6808,Positive
Gen Z is rejecting $200 dates and choosing ‘solo-maxxing’—and dating apps are taking a hit,health,Fortune,2026-05-30,10,Saturday,-0.4588,Negative
HeartFocus Link adds AI cardiac imaging to any hospital ultrasound machine with a tablet and an HDMI cable,health,The Next Web,2026-05-30,10,Saturday,0.0,Neutral
Pixel Vs. Apple Watch: Which Premium Smartwatch Is Best For You?,health,BGR,2026-05-30,10,Saturday,0.6369,Positive
"Parloa turns its $350 million war chest into a partnership web spanning SAP, Microsoft, and OpenAI",health,The Next Web,2026-05-30,10,Saturday,-0.5994,Negative
Why the Protect College Sports Act is the best thing for college sports,health,A Sea Of Blue,2026-05-30,10,Saturday,0.7783,Positive
"'We Wish To Grieve Quietly...': Ajith Kumar's Family Issues FIRST Statement After Mother Mohini Mani's Death, Last Rites To Be Private",health,Free Press Journal,2026-05-30,10,Saturday,-0.5859,Negative
White House Releases Results of Trump’s Latest Physical Exam - The New York Times,health,Slashdot.org,2026-05-30,10,Saturday,0.0,Neutral
"The herb linked to better memory, lower anxiety and Alzheimer’s protection",health,The-independent.com,2026-05-30,10,Saturday,0.0,Neutral
FSSAI sends notice to IRCTC after viral video shows utensils being washed in train toilet,health,The Times of India,2026-05-30,10,Saturday,0.0,Neutral
"Is Amazfit's most premium smartwatch worth it? I tested it on the golf course, and it paid off",health,ZDNet,2026-05-30,10,Saturday,0.2878,Positive
‘Flopping and Disrespect’: Criticism mounts for Caitlin Clark’s ‘tantrums’,health,The Comeback,2026-05-30,10,Saturday,-0.4404,Negative
"Older Adults Need To Exercise This One Muscle Group, According To Physical Therapists",health,HuffPost,2026-05-30,10,Saturday,0.0,Neutral
Republicans want to make the Texas Senate race about manliness,health,Salon,2026-05-30,10,Saturday,0.0772,Positive
Kenya’s Ksh 300B U.S. Health Deal Under Scrutiny Amid Ebola Facility Uproar,health,Kenyans.co.ke,2026-05-30,10,Saturday,0.0,Neutral
Fitbit Air vs. Oura Ring: Wrist or Finger for the Future of Wellness?,health,PCMag.com,2026-05-30,10,Saturday,0.4404,Positive
A guide to the (many) groups running Alberta's separatist and remain camps,health,CBC News,2026-05-30,10,Saturday,0.0,Neutral
Today on Pinstripe Alley – 5/30/26,health,Pinstripe Alley,2026-05-30,10,Saturday,0.0,Neutral
Apocalyptic “Fungal Storms” Are Now Surging Across the US,health,Futurism,2026-05-30,10,Saturday,-0.6597,Negative
How Riccio Pharmacy Makes Online Medicine Delivery Easier For Patients?,health,GlobeNewswire,2026-05-30,10,Saturday,0.4215,Positive
"ICYMI: the 8 biggest tech stories of the week, from Oura's new smart ring to the Pope's take on AI",health,TechRadar,2026-05-30,10,Saturday,0.4019,Positive
Trump's doctor reveals President's biological age after saying he's in 'excellent health' following exam,health,LADbible,2026-05-30,9,Saturday,0.5719,Positive
"Trump in excellent health after annual checkup, doctor says - BBC",health,Slashdot.org,2026-05-30,9,Saturday,0.5719,Positive
I Run a Summer Camp. I Have One Piece of Advice for Parents Nervous About Sending Their Kids.,health,Slate Magazine,2026-05-30,9,Saturday,-0.2732,Negative
Nepal Tourism Promotion Program held in Bangkok,health,Khabarhub.com,2026-05-30,9,Saturday,0.0,Neutral
Survey reveals 50% of users don’t like the new Google Health app,health,Android Authority,2026-05-30,9,Saturday,0.3612,Positive
"LAWMA projects 5,000 jobs from recycling facilities",health,The Punch,2026-05-30,9,Saturday,0.0,Neutral
Depression May Not Affect Every Brain In The Same Way,health,mindbodygreen.com,2026-05-30,9,Saturday,-0.5719,Negative
"7 Japanese memory techniques people use to remember more, from train operators to mental-abacus experts",health,The Times of India,2026-05-30,9,Saturday,0.0,Neutral
Blizzard Releases StarCraft 2 Patch 5.0.16 to Public Test Realm Six Years After Content Development Ended,health,Ghacks Technology News,2026-05-30,9,Saturday,0.0,Neutral
Laos: Five people rescued from flooded cave,health,DW (English),2026-05-30,9,Saturday,0.4215,Positive
"Trump in excellent health with leg swelling, hand bruising, doctor says - Reuters",health,Slashdot.org,2026-05-30,9,Saturday,0.7845,Positive
"Trump remains in excellent health despite leg swelling, hand bruising, White House memo says",health,CBC News,2026-05-30,9,Saturday,0.2668,Positive
"In the 1940s, Harold Ridley noticed plastic splinters sitting quietly in pilots’ eyes, and it wasn’t just wartime debris: It changed cataract surgery",health,The Times of India,2026-05-30,9,Saturday,0.0,Neutral
New Research Challenges What We Thought About Sleeping In,health,mindbodygreen.com,2026-05-30,9,Saturday,0.0772,Positive
Trump declared 'fully fit' for all presidential duties after annual physical shows 'excellent health',health,Fox News,2026-05-30,9,Saturday,0.7574,Positive
Your Cycle Has Been Telling You Something For Years — Researchers Explain,health,mindbodygreen.com,2026-05-30,9,Saturday,0.0,Neutral
Study unveils aggressive tobacco marketing targeting young African...,health,Vmtnews.ng,2026-05-30,9,Saturday,-0.1531,Negative
From clinics to clicks: Internet emerges as ‘second doctor’ for confused patients,health,The Times of India,2026-05-30,9,Saturday,-0.3182,Negative
brainpalace-rag added to PyPI,health,Pypi.org,2026-05-30,9,Saturday,0.0,Neutral
The Migraine Symptom That Could Signal A Bigger Health Risk,health,mindbodygreen.com,2026-05-30,9,Saturday,-0.2732,Negative
"What Longevity Bro Influencers Get Wrong About Women, According To MDs",health,mindbodygreen.com,2026-05-30,9,Saturday,-0.4767,Negative
Repairing DNA damage: Scientists discover a surprising new benefit of melatonin,health,Science Daily,2026-05-30,9,Saturday,0.2263,Positive
Motorola cell phone: Speaker with 88 decibels but hardly any bass,health,Notebookcheck.net,2026-05-30,9,Saturday,0.0,Neutral
Samsung Galaxy Z Roll 5G Leaks: A 12.4-Inch Motorized Screen and 324MP Camera?,health,Geeky Gadgets,2026-05-30,9,Saturday,0.0,Neutral
"Gounder Gives Lowdown on Ebola, Peptides, and Colorectal Screenings",health,Kffhealthnews.org,2026-05-30,9,Saturday,-0.2023,Negative
You Wouldn’t Believe That “Quantum Energy” Works Until You Hear This & See THESE Photos.,health,Omny.fm,2026-05-30,9,Saturday,0.0,Neutral
This Daily Habit May Support Healthier Blood Pressure In Just 20 Days,health,mindbodygreen.com,2026-05-30,9,Saturday,0.128,Positive
This Overlooked Nutrient May Help Ease Knee Osteoarthritis Pain,health,mindbodygreen.com,2026-05-30,9,Saturday,0.2023,Positive
These “Feel-Good” Activities Were Linked To Slower Aging At The DNA Level,health,mindbodygreen.com,2026-05-30,9,Saturday,0.0,Neutral
How three major candidates for governor are talking about their Biden administration experience,health,NBC News,2026-05-30,9,Saturday,0.0,Neutral
"'He was a changed person': Clinton Ellison, survivor of Portapique mass shooting, dies",health,CBC News,2026-05-30,9,Saturday,0.3612,Positive
Watsonville Community Hospital awarded $10.6 million in emergency relief funds from state,health,Santa Cruz Sentinel,2026-05-30,8,Saturday,0.4939,Positive
Could Champions League Final Be Arsenal’s Greatest-Ever Night?,health,Forbes,2026-05-30,8,Saturday,0.5267,Positive
Psychology suggests people who step outside to breathe before answering aren't being dramatic - they're protecting the pause that lets emotion settle before words do damage,health,The Times of India,2026-05-30,8,Saturday,-0.4939,Negative
"​Psychology suggests people who arrive ten minutes early to everything aren't overprepared - they're using a small buffer to keep stress from deciding the mood of the day, because time pressure narrows how calmly people can think",health,The Times of India,2026-05-30,8,Saturday,-0.4019,Negative
One UI 9 Watch beta may be around the corner with smarter AI and health upgrades - SamMobile,health,Slashdot.org,2026-05-30,8,Saturday,0.4588,Positive
"Maternal mortality falls from 1,025 to 570 in Kano, says official",health,The Punch,2026-05-30,8,Saturday,0.0,Neutral
The Rumour Mill - Close Season Week 1,health,Toffeeweb,2026-05-30,8,Saturday,0.0,Neutral
Ferrari’s former chairman called the Luce a disgrace. Italy’s transport minister piled on. The stock dropped 8%.,health,The Next Web,2026-05-30,8,Saturday,-0.4939,Negative
Malta votes in snap parliamentary election,health,DW (English),2026-05-30,8,Saturday,0.0,Neutral
"Australian flotilla participants join ICC case, alleging abuse in Israeli custody",health,SBS News,2026-05-30,8,Saturday,-0.4588,Negative
Yankees give Jose Caballero start at shortstop in win over A’s,health,New York Post,2026-05-30,8,Saturday,0.5859,Positive
An AI CEO explains how much he spent on Codex last month — and why he's still 'very nice' when prompting the tech,health,Business Insider,2026-05-30,8,Saturday,0.4754,Positive
"Recent dog attacks in central Newfoundland not necessarily sign of growing trend, say police",health,CBC News,2026-05-30,8,Saturday,-0.296,Negative
Kyabugimbi Health Centre IV Upgrade to District Hospital Launched in Bushenyi,health,Westernpearlreports.com,2026-05-30,8,Saturday,0.128,Positive
Links 5/30/2026,science,Nakedcapitalism.com,2026-05-30,10,Saturday,0.0,Neutral
Woman Accuses Biohacker Bryan Johnson of Hypocrisy to His Face,science,Futurism,2026-05-30,10,Saturday,-0.34,Negative
New 3D silicon chip breakthrough could extend Moore’s Law for years,science,Science Daily,2026-05-30,10,Saturday,0.1779,Positive
"Quote of the day by Steven Spielberg: 'Everything has to start with fear. Loss, loneliness, being challenged and pursued by big forces...'; Jaws, Schindler's List, Jurassic Park director explains why fear and loneliness can shape personal growth",science,The Times of India,2026-05-30,10,Saturday,-0.9022,Negative
Scientists issue stark warning as 'Doomsday Glacier’ size of Britain could collapse this year,science,LADbible,2026-05-30,10,Saturday,-0.8555,Negative
"the hummingbird-red flower connection, with harvard’s patrick mckenzie",science,Awaytogarden.com,2026-05-30,10,Saturday,0.0,Neutral
"The herb linked to better memory, lower anxiety and Alzheimer’s protection",science,The-independent.com,2026-05-30,10,Saturday,0.0,Neutral
Quilts Are Better Than Sleeping Bags,science,Wired,2026-05-30,10,Saturday,0.4404,Positive
This Trump-linked startup plans to put humanoid robots in the military,science,CNBC,2026-05-30,10,Saturday,0.0,Neutral
The best new science-fiction books of June 2026,science,New Scientist,2026-05-30,10,Saturday,0.6369,Positive
Weekend reads: White House proposal prohibits federal funds for APCs; sleuths say Thermo Fisher doctored data; sleuth in China takes to social media,science,Retractionwatch.com,2026-05-30,10,Saturday,0.0,Neutral
NASA’s Hubble captures gorgeous new photo of a spiral galaxy as it wanders through the Virgo Cluster,science,Scientific American,2026-05-30,10,Saturday,0.6124,Positive
James Talarico’s desperate drive to detransition from his woke past,science,New York Post,2026-05-30,10,Saturday,-0.3182,Negative
Weekend Reading 5.30.26,science,thestripe.com,2026-05-30,10,Saturday,0.0,Neutral
Apocalyptic “Fungal Storms” Are Now Surging Across the US,science,Futurism,2026-05-30,10,Saturday,-0.6597,Negative
CSIR CEERI Recruitment 2026: Vacancies announced for 22 posts- here's the link to apply,science,The Times of India,2026-05-30,9,Saturday,0.0,Neutral
"Natural Selection Explained: Darwin, Adaptation and Evolution",science,Arkinspace.com,2026-05-30,9,Saturday,0.3612,Positive
"7 Japanese memory techniques people use to remember more, from train operators to mental-abacus experts",science,The Times of India,2026-05-30,9,Saturday,0.0,Neutral
Does Caffeine Work Differently For Women? What New Research Shows,science,mindbodygreen.com,2026-05-30,9,Saturday,0.0,Neutral
"In the 1940s, Harold Ridley noticed plastic splinters sitting quietly in pilots’ eyes, and it wasn’t just wartime debris: It changed cataract surgery",science,The Times of India,2026-05-30,9,Saturday,0.0,Neutral
"What Longevity Bro Influencers Get Wrong About Women, According To MDs",science,mindbodygreen.com,2026-05-30,9,Saturday,-0.4767,Negative
How Elsa Morrison became the catcher each Tennessee softball pitcher needed,science,Knoxville News Sentinel,2026-05-30,9,Saturday,0.0,Neutral
This Daily Habit May Support Healthier Blood Pressure In Just 20 Days,science,mindbodygreen.com,2026-05-30,9,Saturday,0.128,Positive
You Wouldn’t Believe That “Quantum Energy” Works Until You Hear This & See THESE Photos.,science,Omny.fm,2026-05-30,9,Saturday,0.0,Neutral
Millions of Bees Have Thrived Under a New York Cemetery for More Than a Century,science,Wired,2026-05-30,9,Saturday,0.0,Neutral
What it means to be a man is a theme in Texas Senate race as Paxton attacks Talarico,science,NPR,2026-05-30,9,Saturday,-0.4404,Negative
Psychology suggests people who step outside to breathe before answering aren't being dramatic - they're protecting the pause that lets emotion settle before words do damage,science,The Times of India,2026-05-30,8,Saturday,-0.4939,Negative
SPA DOCTOR: I thought being a 'golf widow' sounded miserable - then a luxury Moroccan resort proved me wrong,science,Dailymail.com,2026-05-30,8,Saturday,-0.743,Negative
A wind farm in Poland became so loud that local birds started singing louder to compete with the noise,science,The Times of India,2026-05-30,8,Saturday,0.0,Neutral
"Exclusive-Better China ties can help regional peace, security, Vietnam's top leader says",science,Yahoo Entertainment,2026-05-30,8,Saturday,0.8555,Positive
"The longest-running laboratory experiment in the world began at the University of Queensland in 1927, a funnel of pitch that drips roughly once a decade, and in nearly a century no human has ever actually witnessed a drop fall",science,Space Daily,2026-05-30,8,Saturday,-0.4939,Negative
"Henry Schein Sees Steady Dental Demand, $125M Profit Lift by 2026",science,MarketBeat,2026-05-30,8,Saturday,0.34,Positive
Indonesia pushes innovation-led downstreaming for palm oil gains,science,Antaranews.com,2026-05-30,7,Saturday,0.34,Positive
"Hawaiians spotted sea turtles with mysterious 'graffiti' on their backs, and it sparked a 600-person mission to save the species",science,The Times of India,2026-05-30,7,Saturday,0.4588,Positive
This strange new phase of matter could transform quantum technology,science,Science Daily,2026-05-30,7,Saturday,-0.1779,Negative
The Best Compact Camera For Everyday Use in 2026,science,Canonrumors.com,2026-05-30,7,Saturday,0.6369,Positive
Why Women Need Testosterone: The Truth About Hormone Health,science,Mybodytonic.com,2026-05-30,7,Saturday,0.3182,Positive
Robinhood Markets Bets on Agentic AI Trading as Assets Climb to $350 Billion,science,MarketBeat,2026-05-30,7,Saturday,0.1779,Positive
"OpenAI has launched a massive $4 billion corporate engineering initiative called ""DeployCo"" to embed elite developers directly into global banks and enterprises",science,Maketecheasier.com,2026-05-30,7,Saturday,0.128,Positive
Photons behave very strangely if you try to cut them,science,New Scientist,2026-05-30,7,Saturday,-0.5563,Negative
Rwanda-Russia nuclear deal underscores Africa’s shifting power balance,science,Al Jazeera English,2026-05-30,6,Saturday,0.0,Neutral
"The Sun might look yellow, but seen from space without an atmosphere filtering its light, the sun is actually white — and the yellow color we see from Earth is the result of our atmosphere scattering blue wavelengths away, in the same physics that makes the sky appear blue",science,Space Daily,2026-05-30,6,Saturday,0.0,Neutral
What is a blue micromoon? #science,science,Alltoc.com,2026-05-30,6,Saturday,0.0,Neutral
How do fog droplets host bacteria? #science,science,Alltoc.com,2026-05-30,6,Saturday,0.0,Neutral
What did Alzheimer’s origins study find? #science,science,Alltoc.com,2026-05-30,6,Saturday,0.0,Neutral
How do wall lizards escape a bottleneck? #science,science,Alltoc.com,2026-05-30,6,Saturday,0.1779,Positive
Science reveals seven to nine hours of sleep could be the key to preventing dementia,science,Naturalnews.com,2026-05-30,6,Saturday,-0.0258,Neutral
"Leafy greens offer multiple pathways for blood pressure control, research shows",science,Naturalnews.com,2026-05-30,6,Saturday,-0.296,Negative
Big Toothpasteâs dirty secret: 90% of brands contain cancer-causing heavy metals,science,Naturalnews.com,2026-05-30,6,Saturday,-0.4404,Negative
Study Suggests Vegan Diet May Impede Self-Healing,science,Naturalnews.com,2026-05-30,6,Saturday,0.0,Neutral
"Your brain's 'night shift': How sleep clears 'waste,' may protect against dementia",science,Medical News Today,2026-05-30,5,Saturday,0.0258,Neutral
This tomato-soy juice reduced inflammation in just four weeks,science,Science Daily,2026-05-30,5,Saturday,0.0,Neutral
To Gen or Not To Gen: The Ethical Use of Generative AI - My Not So Private Tech Life,science,Johanneslink.net,2026-05-30,5,Saturday,0.5106,Positive
(3) Summary of Key Changes in OMB’s Proposed Federal Financial Assistance Rule,science,Substack.com,2026-05-30,5,Saturday,0.0,Neutral
Gardeners World S59E11 1080p WEB-DL H264-W45Ps,science,Rlsbb.to,2026-05-30,5,Saturday,0.0,Neutral
"The Pacific Ocean is so vast that it’s larger than every continent on Earth combined — and there’s a single straight line you could sail through it for nearly 20,000 miles without ever touching land",science,Space Daily,2026-05-30,5,Saturday,0.2263,Positive
Stanford quantum computing breakthrough uses twisted light to work without extreme cooling,science,Science Daily,2026-05-30,5,Saturday,0.0,Neutral
Gardaí enlist international help to identify DNA found in Sophie Toscan du Plantier murder investigation,science,The Irish Times,2026-05-30,5,Saturday,-0.4588,Negative
Emily O’Reilly: My brother’s HIV seemed under control. So why did he die?,science,The Irish Times,2026-05-30,5,Saturday,-0.5994,Negative
"Climate Change Weekly # 581— It’s Hurricane Season, and Nothing Is New",science,Wattsupwiththat.com,2026-05-30,5,Saturday,0.0,Neutral
What happens to Bloom’s show gardens when the festival is over?,science,The Irish Times,2026-05-30,5,Saturday,0.4939,Positive
tidypolars4sci 0.0.1.23,science,Pypi.org,2026-05-30,4,Saturday,0.0,Neutral
tools4sci 0.0.1.5,science,Pypi.org,2026-05-30,4,Saturday,0.0,Neutral
TN govt to continue free bus pass scheme for students,science,BusinessLine,2026-05-30,4,Saturday,0.5106,Positive
"Prabowo-Macron talks strengthen cooperation in education, research",science,Antaranews.com,2026-05-30,4,Saturday,0.3182,Positive
"A day on Earth is described as 24 hours, but the planet has been slowing down for billions of years — and growth rings in ancient coral fossils show that 380 million years ago, hundreds of millions of years before any dinosaur existed, an Earth day was only about 22 hours long",science,Space Daily,2026-05-30,4,Saturday,0.5267,Positive
"More than 550,000 students reached through Microsoft Stem and artificial intelligence programme",science,The Irish Times,2026-05-30,4,Saturday,0.5423,Positive
Will AI become conscious? What a philosopher and a neuroscientist think,science,ABC News (AU),2026-05-30,3,Saturday,0.0,Neutral
"Blue Moon May 31, 2026: Will this rare lunar event be visible in India? When, where & how to watch it; What it means for zodiac signs, and how it differs from Supermoon",science,The Times of India,2026-05-30,3,Saturday,0.0,Neutral
"Don Lincoln: The quest for unification in physics, how Newton linked celestial and terrestrial gravity, and the pivotal role of electromagnetism in technology | Lex Fridman Podcast",science,Crypto Briefing,2026-05-30,3,Saturday,0.0,Neutral
Army chief General Upendra Dwivedi reviews NDA's 150th passing out parade in Pune,science,The Times of India,2026-05-30,3,Saturday,0.0,Neutral
"The Sahara is usually depicted as the world’s largest desert, but because a desert is defined by rainfall rather than temperature, the entire continent of Antarctica is technically the largest desert on Earth, with parts of its interior having received no significant precipitation for nearly 14 million years",science,Space Daily,2026-05-30,3,Saturday,-0.2235,Negative
"The Sahara is usually described as the world’s largest desert, but because a desert is defined by rainfall rather than temperature, the entire continent of Antarctica is technically the largest desert on Earth, with parts of its interior having received no significant precipitation for nearly 14 million years",science,Space Daily,2026-05-30,3,Saturday,-0.2235,Negative
The Beginning Comes after the End by Rebecca Solnit: Renewal in a time of despair,science,The Irish Times,2026-05-30,3,Saturday,-0.3182,Negative
NYT Connections Answers May 30 2026 Revealed for Puzzle 1084 with Clever Categories,science,Ibtimes.com.au,2026-05-30,3,Saturday,0.4588,Positive
Absolute Green Lantern #15 Preview: Jo's Cosmic Road Trip Gone Wrong,science,Bleeding Cool News,2026-05-30,3,Saturday,-0.4767,Negative
Why AA matters more than stock selection for multi-generational wealth,science,Livemint,2026-05-30,3,Saturday,0.5106,Positive
"Ethereum Price Falls, But Whales Push Holdings To 10-Week High",science,newsBTC,2026-05-30,3,Saturday,0.0,Neutral
Valis - Kief Science Session,science,Dnbradio.com,2026-05-30,2,Saturday,0.0,Neutral
"Clive Davis, 94, hospitalized in New York... just DAYS after attending starry event with Alicia Keys",science,Dailymail.com,2026-05-30,2,Saturday,0.0,Neutral
Lauren Sanchez Bezos flashes trademark grin while clinging to husband Jeff at her daughter's graduation... just hours before Blue Origin rocket exploded in huge fireball,science,Dailymail.com,2026-05-30,2,Saturday,0.6597,Positive
"Antoine Semenyo, Ghana's World Cup star who defied rejection",science,Yahoo Entertainment,2026-05-30,2,Saturday,-0.5423,Negative
A Closer Look At The Damage To New Glenn's Launch Pad,science,Freerepublic.com,2026-05-30,2,Saturday,-0.4939,Negative
"Bioma Probiotics Claims Evaluated: What the 2026 Gut Health Research Reveals About This Seed Probiotics Alternative, Its Ingredients, Weight Loss Support, and Consumer Reviews",science,GlobeNewswire,2026-05-30,2,Saturday,0.1027,Positive
"8 Years Later, Crunchyroll’s Major Shonen jump Series Unveils First Look At Finale",science,ComicBook.com,2026-05-30,1,Saturday,0.0,Neutral
Brendan Fraser's New WWII Movie Gives A Radically Different Look At D-Day & A US President,science,Screen Rant,2026-05-30,1,Saturday,0.0,Neutral
Mars's manganese 'bathtub ring' reveals ancient ocean timeline and its potential for life - Phys.org,science,Slashdot.org,2026-05-30,1,Saturday,0.0,Neutral
Smith Jerrod Is Moving to Costa Rica,science,Vulture,2026-05-30,1,Saturday,0.0,Neutral
Trump directs CDC to align with assessment calling for fewer childhood vaccines,science,CBS News,2026-05-30,1,Saturday,0.0,Neutral
How Claytronics Will Redefine Co-Creation and Experience Design,science,Bradenkelley.com,2026-05-30,1,Saturday,0.0,Neutral
Q&A with Gen. Frank Donovan,science,Defense One,2026-05-30,1,Saturday,0.0,Neutral
Pressure Causes Temperature? It’s Time to Climb Down from “Mount Stupid”,science,Wattsupwiththat.com,2026-05-30,1,Saturday,-0.296,Negative
"Equity, social justice launched me into medical career — Canada-based paediatric surgeon",science,The Punch,2026-05-30,0,Saturday,0.5994,Positive
Women’s empowerment key to nation-building: President Paudel,science,Khabarhub.com,2026-05-30,0,Saturday,0.0,Neutral
MAVEN Spacecraft Finds New Plasma Squeezing at Mars,science,Universe Today,2026-05-30,0,Saturday,0.0,Neutral
Malicious npm packages abuse dependency confusion to profile developer environments,science,Microsoft.com,2026-05-30,0,Saturday,-0.7506,Negative
How can fog droplets remove pollutants? #science,science,Alltoc.com,2026-05-30,0,Saturday,0.0,Neutral
Air pollution slows lung growth UK study #science,science,Alltoc.com,2026-05-30,0,Saturday,0.3818,Positive
"Indiana Fever vs. Portland Fire: How to watch Caitlin Clark's next game tonight, time, channel and more",sports,Yahoo Entertainment,2026-05-30,10,Saturday,-0.34,Negative
2 soccer players and a betting agent receive prison terms for match-fixing in Hong Kong,sports,Yahoo Entertainment,2026-05-30,10,Saturday,-0.5106,Negative
"PSG vs. Arsenal: Preview, Predictions and Lineups - Sports Illustrated",sports,Slashdot.org,2026-05-30,10,Saturday,0.0,Neutral
"Where to watch Toluca vs. Tigres live stream, TV channel, start time for CONCACAF Champions Cup final 2026",sports,Sporting News,2026-05-30,10,Saturday,0.5267,Positive
Kirkham Community Garden supports mental health,sports,yorkregion.com,2026-05-30,10,Saturday,0.3612,Positive
"How to live stream Scotland vs Curaçao: International Soccer Friendlies, TV Channel",sports,The Big Lead,2026-05-30,10,Saturday,0.4939,Positive
"RCB has always been a reflection of Bengaluru itself — resilient, creative, optimistic and endlessly hopeful",sports,The Times of India,2026-05-30,10,Saturday,0.8176,Positive
Driver dies after SUV crashes on Lagos expressway,sports,The Punch,2026-05-30,10,Saturday,0.0,Neutral
"Dublin assault victim was 'glue' of family, funeral told",sports,RTE,2026-05-30,10,Saturday,-0.8126,Negative
Wisconsin Interim AD Announces UW Athletic Hall of Fame Class of 2026,sports,USA Today,2026-05-30,10,Saturday,0.4404,Positive
Stock Market Holidays in June 2026: Check Complete NSE and BSE Closure List | LatestLY,sports,LatestLY,2026-05-30,10,Saturday,0.3818,Positive
Upbeat Music May Help You Work Out Longer,sports,Newser,2026-05-30,10,Saturday,0.4019,Positive
5.31(日)「K-1 REVENGE 2026」前日計量 全選手計量クリアし、サッタリは「自分の中にあるファイアをコントロールします」とコメント,sports,Prtimes.jp,2026-05-30,10,Saturday,-0.6289,Negative
Lexington's Hughes leads area state qualifiers in final home track meet,sports,Mansfield News Journal,2026-05-30,10,Saturday,0.0,Neutral
‘It’s like a dream’: Megan Grant makes history as UCLA dominates Arkansas,sports,The Comeback,2026-05-30,10,Saturday,0.6369,Positive
BetMGM bonus code NYPNEWSGET: Get up to $1K in no-sweat tokens for Arsenal vs. PSG,sports,New York Post,2026-05-30,10,Saturday,0.5423,Positive
Why the Protect College Sports Act is the best thing for college sports,sports,A Sea Of Blue,2026-05-30,10,Saturday,0.7783,Positive
"Naomi Osaka arrives for French Open match in billowing dress as she refuses to back down AGAIN on wearing 'fashion show' outfits, despite infuriating opponent",sports,Dailymail.com,2026-05-30,10,Saturday,0.4168,Positive
Where to watch Texas A&M vs. Texas State in College Station Regional,sports,USA Today,2026-05-30,10,Saturday,0.0,Neutral
Cavaliers make right call with coach Kenny Atkinson's job. Opinion,sports,Akron Beacon Journal,2026-05-30,10,Saturday,0.0,Neutral
"What channel is the NASCAR O'Reilly Series at Nashville on today? Time, TV schedule",sports,Yahoo Entertainment,2026-05-30,10,Saturday,0.0,Neutral
"What channel is the NASCAR O'Reilly Series at Nashville on today? Time, TV schedule",sports,Yahoo Entertainment,2026-05-30,10,Saturday,0.0,Neutral
Which central Ohio softball teams earned OHSAA state berths May 29?,sports,Fci Academy,2026-05-30,10,Saturday,0.0,Neutral
"Cowboys Headlines: Cowboys 2026 roadblock, Prescott's biggest obstacle",sports,USA Today,2026-05-30,10,Saturday,-0.3612,Negative
"Where to watch Dmitry Bivol vs Michael Eifert today: Fight time, streaming info",sports,Tennessean,2026-05-30,10,Saturday,-0.3818,Negative
Three must-watch Wisconsin volleyball matches in 2026,sports,USA Today,2026-05-30,10,Saturday,0.0,Neutral
Want to Watch a James Bond Movie? These Are My Top Picks,sports,CNET,2026-05-30,10,Saturday,0.2732,Positive
Champions League Final: Livestream Arsenal vs. PSG Today,sports,CNET,2026-05-30,10,Saturday,0.5267,Positive
Amy Gaskin: Marilyn Forever! Marilyn Monroe—A Symbol of Hope,sports,Lenscratch.com,2026-05-30,10,Saturday,0.4926,Positive
"Is Amazfit's most premium smartwatch worth it? I tested it on the golf course, and it paid off",sports,ZDNet,2026-05-30,10,Saturday,0.2878,Positive
‘Flopping and Disrespect’: Criticism mounts for Caitlin Clark’s ‘tantrums’,sports,The Comeback,2026-05-30,10,Saturday,-0.4404,Negative
Flopping Is Ethically Fine and Visually Atrocious,sports,New York Magazine,2026-05-30,10,Saturday,0.2023,Positive
Could the unlikely savior of US college sports be … Donald Trump?,sports,Yahoo Entertainment,2026-05-30,10,Saturday,0.0,Neutral
"How to Watch Thunder vs. Spurs Game 7: Channel, Live Stream & Start Time for 2026 NBA Playoffs",sports,NESN,2026-05-30,10,Saturday,0.0,Neutral
"Where to watch Amanda Serrano vs. Cheyenne Hanson: Live stream, TV channel & start time for 2026 boxing fight",sports,Sporting News,2026-05-30,10,Saturday,-0.3818,Negative
The Knicks and the Greatest Night in New York Sports,sports,The New Yorker,2026-05-30,10,Saturday,0.6369,Positive
"Frances Tiafoe vs. Jaime Faria prediction: French Open odds, picks, best bets",sports,New York Post,2026-05-30,10,Saturday,0.6369,Positive
Why Now Is The Time For James Dolan To Sell A Stake In The Knicks,sports,Forbes,2026-05-30,10,Saturday,0.0,Neutral
Arsenal vs. PSG: How to Watch the Champions League Final,sports,Rolling Stone,2026-05-30,10,Saturday,0.5267,Positive
James Talarico’s desperate drive to detransition from his woke past,sports,New York Post,2026-05-30,10,Saturday,-0.3182,Negative
"Kalshi promo code NYPMAX: Trade $10, get $10 for the Champions League Final",sports,New York Post,2026-05-30,10,Saturday,0.5267,Positive
"ICYMI: the 8 biggest tech stories of the week, from Oura's new smart ring to the Pope's take on AI",sports,TechRadar,2026-05-30,10,Saturday,0.4019,Positive
Italy Has Failed to Qualify for Three Straight World Cups. Are the Country’s Immigration Policies to Blame?,sports,The New Yorker,2026-05-30,10,Saturday,-0.5859,Negative
Paramount founder Mohamad Fakih opens up about his feud with Mississauga’s mayor,sports,Toronto Star,2026-05-30,9,Saturday,-0.34,Negative
CSR Weekend Warriors: 5/29-5/31,sports,Cat Scratch Reader,2026-05-30,9,Saturday,0.0,Neutral
Thunder’s Jalen Williams officially ruled out for Game 7 of Western Conference Finals - NBC Sports,sports,Slashdot.org,2026-05-30,9,Saturday,0.0,Neutral
India’s student accommodation market offers $4 billion opportunity by 2028: CBRE,sports,BusinessLine,2026-05-30,9,Saturday,0.4215,Positive
$1.99 | Stillness Is the Key (eBook) by Ryan Holiday (2 replies),sports,Slickdeals.net,2026-05-30,9,Saturday,0.4019,Positive
I Run a Summer Camp. I Have One Piece of Advice for Parents Nervous About Sending Their Kids.,sports,Slate Magazine,2026-05-30,9,Saturday,-0.2732,Negative
Koby Altman looks back and ahead as Cavaliers head into big offseason,sports,Akron Beacon Journal,2026-05-30,9,Saturday,0.0,Neutral
Does Caffeine Work Differently For Women? What New Research Shows,sports,mindbodygreen.com,2026-05-30,9,Saturday,0.0,Neutral
Mike Bianchi: Kyle Busch’s death exposes the ignorance of Stephen A. Smith’s NASCAR rant,sports,Orlando Sentinel,2026-05-30,9,Saturday,-0.8519,Negative
"Neeraj Chopra and Himani Mor's unusual love story, followed by a secret wedding, is straight out of a Bollywood script",sports,The Times of India,2026-05-30,9,Saturday,0.7269,Positive
'A 50/50 shot at our best season ever - process that',sports,BBC News,2026-05-30,9,Saturday,0.6369,Positive
"San Antonio Spurs vs. OKC Thunder: Where to watch Game 7 tonight, time, channel, and more",sports,Yahoo Entertainment,2026-05-30,9,Saturday,0.0,Neutral
High school baseball: Southern Section championship game results and schedule,sports,Yahoo Entertainment,2026-05-30,9,Saturday,0.4404,Positive
"What channel is FSU baseball vs Coastal Carolina on today? Time, TV schedule",sports,Tallahassee Democrat,2026-05-30,9,Saturday,0.0,Neutral
"Scouts, exec assess fair value if Sharks decide to trade 2026 No. 2 overall pick",sports,Nbcsportsbayarea.com,2026-05-30,9,Saturday,0.5719,Positive
Texas Tech signs latest House settlement participant agreement,sports,LubbockOnline.com,2026-05-30,9,Saturday,0.4939,Positive
High school softball: City and Southern Section finals scores and schedule,sports,Yahoo Entertainment,2026-05-30,9,Saturday,0.0,Neutral
"Bayern Munich enter race for Liverpool, Man City and Man United target after missing out on Barcelona's £70m signing Anthony Gordon",sports,Dailymail.com,2026-05-30,9,Saturday,0.1531,Positive
"Adidas and Puma, the bitter rivalry between two brothers",sports,Mrssfeed.com,2026-05-30,9,Saturday,-0.4215,Negative
"What Are 10 Of The Best Dive Watches Under €2,000?",sports,Fratellowatches.com,2026-05-30,9,Saturday,0.6369,Positive
How to watch Scotland vs Curaçao: Free Streams & TV Channels for World Cup 2026 warm-up match,sports,TechRadar,2026-05-30,9,Saturday,0.5106,Positive
This run-down town is the launchpad for the superweapon Putin used to attack Ukraine,sports,Business Insider,2026-05-30,8,Saturday,-0.4767,Negative
Maura Higgins showcases her toned abs in tiny black bralette and figure-hugging skirt as she wows in second stylish look for Sports Illustrated beach club party in Miami,sports,Dailymail.com,2026-05-30,8,Saturday,0.6908,Positive
IMSA Detroit: Cadillac and Corvette sweep front rows,sports,autosport.com,2026-05-30,8,Saturday,0.0,Neutral
Official Weigh-In Results | UFC Macau - UFC.com,sports,Slashdot.org,2026-05-30,8,Saturday,0.0,Neutral
"Oscar Cluff showed he's 'good all-around player' at NBA draft workout, credits Purdue basketball",sports,The Indianapolis Star,2026-05-30,8,Saturday,0.6597,Positive
Sky Sports: Crystal Palace have found their Oliver Glasner replacement and talks are already underway,sports,English Premier League Index - Opta Stats,2026-05-30,8,Saturday,0.0,Neutral
12B SPORTS Named Main Sponsor of VR46 Racing Team for the 2026 MotoGP Season,sports,Financial Post,2026-05-30,8,Saturday,0.0,Neutral
Springfield track meet will raise funds for youth sports access,sports,Yahoo Entertainment,2026-05-30,8,Saturday,0.0,Neutral
12B SPORTS Named Main Sponsor of VR46 Racing Team for the 2026 MotoGP Season,sports,GlobeNewswire,2026-05-30,8,Saturday,0.0,Neutral
Setting a new Score. Bishop Chatard distance runner leaves mark on track and off,sports,The Indianapolis Star,2026-05-30,8,Saturday,0.0,Neutral
Major Ankara stadium project enters final phase,sports,Hurriyet Daily News,2026-05-30,8,Saturday,0.0,Neutral
Dre Greenlaw opens up about why 2025 season away from 49ers was so ‘real tough',sports,Nbcsportsbayarea.com,2026-05-30,8,Saturday,-0.197,Negative
Why Anthony Gordon Instantly Won Over Barcelona Fans At His Unveiling,sports,Forbes,2026-05-30,8,Saturday,0.5719,Positive
Wembley 99: Untold Stories,sports,Manchester City FC,2026-05-30,8,Saturday,0.0,Neutral
"UFC Fight Night odds, lines, predictions, time: Song Yadong vs. Deiveson Figueiredo picks by elite MMA expert",sports,CBS Sports,2026-05-30,8,Saturday,-0.3818,Negative
"How to Watch PSG vs. Arsenal Live Today: TV Channels, Streaming for Champions League Final",sports,Psgworld.io,2026-05-30,8,Saturday,0.5267,Positive
How Arteta's psychology rebuild took Arsenal to a Champions League final,sports,Sporting News,2026-05-30,8,Saturday,0.5267,Positive
How to watch Scotland vs Curacao match in the USA: Live Stream and TV for 2026 International Friendly,sports,Worldsoccertalk.com,2026-05-30,8,Saturday,0.4939,Positive
"How to watch PSG v Arsenal – team news, predicted line-ups and more",sports,Hayters.com,2026-05-30,8,Saturday,0.0,Neutral
Former Red Wings Captain to be Honored With Jersey Number Retirement Ceremony,sports,Detroithockeynow.com,2026-05-30,8,Saturday,0.6249,Positive
【DPC KOBE × TwoThree】整えるピラティス、楽しむピックル。女性限定コラボイベントを開催 6/8,sports,Prtimes.jp,2026-05-30,7,Saturday,0.0,Neutral
Robinhood Markets Bets on Agentic AI Trading as Assets Climb to $350 Billion,sports,MarketBeat,2026-05-30,7,Saturday,0.1779,Positive
"Inside Germany: Cheese rolling, grand slamming and a chancellor defamed",sports,The Local Germany,2026-05-30,7,Saturday,0.4588,Positive
"What channel is Thunder vs. Spurs on? Time, TV schedule, live stream to watch Game 7 of NBA Playoffs series",sports,Sporting News,2026-05-30,7,Saturday,0.0,Neutral
Zack Baun ready to find another level in Year 3 of Fangio's defense,sports,Nbcsportsphiladelphia.com,2026-05-30,7,Saturday,0.4588,Positive
These stylish Skullcandy headphones are undeniable quality cans but left me wanting more (or maybe less?),sports,Creative Bloq,2026-05-30,7,Saturday,0.0,Neutral
Walcott: Arteta is going to continue to dominate,sports,Sky Sports,2026-05-30,7,Saturday,-0.128,Negative
Jessica Alba's daughter Honor graduates: 'My heart aches with pride',sports,Nationpress.com,2026-05-30,6,Saturday,0.8316,Positive
Barcelona sign England winger Anthony Gordon from Newcastle,sports,Al Jazeera English,2026-05-30,6,Saturday,0.0,Neutral
